date,time,open,high,low,close,volume
2026-04-27,02:30:00,79123.48,79258.87,79039.14,79070.13,107.83046
2026-04-27,02:45:00,79070.12,79198.9,79066.12,79130.01,67.24154
2026-04-27,03:00:00,79130.01,79250.0,79077.81,79209.04,70.21496
2026-04-27,03:15:00,79209.04,79269.87,79175.62,79246.9,126.8147
2026-04-27,03:30:00,79246.91,79316.5,79173.17,79237.1,119.25158
2026-04-27,03:45:00,79237.1,79252.17,79079.48,79105.49,81.16715
2026-04-27,04:00:00,79105.5,79130.63,79009.5,79057.82,107.00215
2026-04-27,04:15:00,79057.82,79118.23,79003.34,79118.22,131.68677
2026-04-27,04:30:00,79118.23,79160.0,79028.6,79072.73,44.9404
2026-04-27,04:45:00,79072.72,79086.42,78872.42,78924.22,134.0499
2026-04-27,05:00:00,78924.21,78938.0,78392.26,78406.39,371.19673
2026-04-27,05:15:00,78406.39,78414.42,77822.86,77835.63,790.40468
2026-04-27,05:30:00,77835.62,77875.14,77562.63,77804.13,470.33006
2026-04-27,05:45:00,77804.14,77867.72,77743.48,77785.54,173.85598
2026-04-27,06:00:00,77785.55,77801.25,77666.66,77737.47,146.89342
2026-04-27,06:15:00,77737.46,77871.9,77691.2,77725.14,167.37237
2026-04-27,06:30:00,77725.14,77725.15,77465.05,77618.1,228.34613
2026-04-27,06:45:00,77618.11,77739.05,77610.44,77700.12,99.1199
2026-04-27,07:00:00,77700.12,77734.79,77563.1,77647.68,129.18401
2026-04-27,07:15:00,77647.69,77734.0,77562.08,77690.95,74.64399
2026-04-27,07:30:00,77690.95,77690.95,77587.5,77679.41,58.90475
2026-04-27,07:45:00,77679.42,77732.55,77606.59,77606.6,480.46491
2026-04-27,08:00:00,77606.59,77727.43,77592.46,77632.09,109.96505
2026-04-27,08:15:00,77632.09,77693.83,77560.99,77572.38,132.93258
2026-04-27,08:30:00,77572.39,77664.58,77553.23,77617.13,84.37228
2026-04-27,08:45:00,77617.14,77816.18,77617.13,77804.34,138.27172
2026-04-27,09:00:00,77804.34,77861.28,77783.4,77857.61,152.32306
2026-04-27,09:15:00,77857.62,77857.62,77700.0,77775.96,140.18058
2026-04-27,09:30:00,77775.96,77961.46,77755.37,77943.44,156.14241
2026-04-27,09:45:00,77943.45,77980.0,77894.65,77900.01,129.86168
2026-04-27,10:00:00,77900.01,77935.66,77801.89,77814.84,84.26801
2026-04-27,10:15:00,77814.85,77833.68,77792.46,77809.43,103.41463
2026-04-27,10:30:00,77809.43,77924.63,77800.5,77874.65,70.26939
2026-04-27,10:45:00,77874.65,77897.68,77849.44,77850.01,53.15561
2026-04-27,11:00:00,77850.01,77880.0,77740.39,77783.21,88.89334
2026-04-27,11:15:00,77783.21,77883.0,77746.73,77860.0,72.09595
2026-04-27,11:30:00,77860.01,77885.46,77780.0,77803.1,51.66826
2026-04-27,11:45:00,77803.1,77855.0,77780.0,77844.26,40.12127
2026-04-27,12:00:00,77844.25,77867.33,77736.49,77825.0,82.75178
2026-04-27,12:15:00,77824.99,77858.41,77720.21,77743.36,57.21728
2026-04-27,12:30:00,77743.36,77775.0,77650.0,77737.99,92.27429
2026-04-27,12:45:00,77738.0,77774.0,77620.0,77667.36,183.22408
2026-04-27,13:00:00,77667.36,77783.25,77637.57,77717.42,383.86424
2026-04-27,13:15:00,77717.42,77797.64,77650.0,77712.69,70.36479
2026-04-27,13:30:00,77712.75,77966.8,77627.15,77854.21,128.14544
2026-04-27,13:45:00,77854.2,77862.0,77571.79,77746.74,180.34223
2026-04-27,14:00:00,77746.74,77916.52,77680.0,77855.23,175.46419
2026-04-27,14:15:00,77855.22,77920.0,77828.15,77881.23,76.52397
2026-04-27,14:30:00,77881.23,78220.0,77849.44,78178.37,286.82011
2026-04-27,14:45:00,78178.38,78265.34,77793.15,77815.25,205.62002
2026-04-27,15:00:00,77815.26,77827.17,77305.71,77375.62,420.40264
2026-04-27,15:15:00,77375.62,77375.62,76564.33,76855.08,895.82738
2026-04-27,15:30:00,76855.08,77095.91,76832.25,77056.82,334.439
2026-04-27,15:45:00,77056.82,77056.82,76734.93,76793.09,231.50165
2026-04-27,16:00:00,76793.1,76847.67,76652.64,76770.98,329.03406
2026-04-27,16:15:00,76770.98,76868.01,76724.91,76745.82,156.79907
2026-04-27,16:30:00,76745.83,76817.7,76597.43,76597.43,148.45284
2026-04-27,16:45:00,76597.44,76687.2,76546.0,76618.59,175.17901
2026-04-27,17:00:00,76618.59,76811.14,76618.59,76699.88,192.15145
2026-04-27,17:15:00,76699.88,76888.73,76627.68,76832.66,287.22315
2026-04-27,17:30:00,76832.66,76990.43,76763.71,76867.32,259.45403
2026-04-27,17:45:00,76867.32,76890.08,76700.0,76743.24,135.97695
2026-04-27,18:00:00,76743.23,76811.93,76676.43,76750.66,142.00644
2026-04-27,18:15:00,76750.66,76841.02,76668.52,76694.97,65.04858
2026-04-27,18:30:00,76694.97,76767.71,76676.0,76767.7,71.14408
2026-04-27,18:45:00,76767.71,76890.99,76729.24,76834.06,83.77421
2026-04-27,19:00:00,76834.05,76889.74,76732.7,76879.77,63.82975
2026-04-27,19:15:00,76879.78,76894.7,76623.66,76623.66,115.70524
2026-04-27,19:30:00,76623.66,76782.19,76459.64,76782.18,311.54188
2026-04-27,19:45:00,76782.18,76878.07,76763.55,76878.07,107.60316
2026-04-27,20:00:00,76878.23,76994.23,76844.16,76895.84,99.13434
2026-04-27,20:15:00,76895.84,76994.26,76895.84,76994.26,41.79906
2026-04-27,20:30:00,76994.26,77067.8,76956.72,76992.95,105.5021
2026-04-27,20:45:00,76992.94,77003.81,76940.52,76960.43,64.37216
2026-04-27,21:00:00,76960.43,76960.43,76829.01,76885.37,50.43772
2026-04-27,21:15:00,76885.37,76941.69,76853.43,76913.92,43.42274
2026-04-27,21:30:00,76913.91,76981.53,76883.49,76897.52,40.65031
2026-04-27,21:45:00,76897.51,76944.35,76786.8,76786.81,89.4339
2026-04-27,22:00:00,76786.81,76900.0,76763.71,76857.32,71.42026
2026-04-27,22:15:00,76857.31,76972.33,76850.0,76971.44,76.342
2026-04-27,22:30:00,76971.44,77040.0,76959.8,77005.82,104.78429
2026-04-27,22:45:00,77005.81,77082.78,77005.81,77066.42,112.31704
2026-04-27,23:00:00,77066.42,77084.0,77018.56,77039.04,42.16186
2026-04-27,23:15:00,77039.05,77208.72,77039.04,77137.15,102.24516
2026-04-27,23:30:00,77137.15,77305.71,77137.14,77305.7,133.8666
2026-04-27,23:45:00,77305.7,77450.0,77287.08,77371.32,159.9994
2026-04-28,00:00:00,77371.32,77437.82,77256.38,77326.88,129.45533
2026-04-28,00:15:00,77326.87,77446.5,77229.89,77233.5,64.10712
2026-04-28,00:30:00,77233.49,77478.0,77210.92,77400.92,73.3638
2026-04-28,00:45:00,77400.92,77473.42,77294.11,77379.62,60.33619
2026-04-28,01:00:00,77379.62,77394.1,77323.15,77344.75,47.58279
2026-04-28,01:15:00,77344.75,77344.75,77194.49,77235.84,169.85803
2026-04-28,01:30:00,77235.83,77235.83,77088.88,77105.0,126.91561
2026-04-28,01:45:00,77105.0,77134.8,77038.1,77084.68,60.41959
2026-04-28,02:00:00,77084.69,77215.49,77045.03,77159.77,116.26763
2026-04-28,02:15:00,77159.76,77227.03,77005.07,77005.07,78.35901
2026-04-28,02:30:00,77005.07,77032.0,76672.56,76707.6,164.34134
2026-04-28,02:45:00,76707.6,76901.96,76681.58,76890.93,78.78682
2026-04-28,03:00:00,76890.92,76890.92,76672.0,76765.49,95.46433
2026-04-28,03:15:00,76765.48,76790.16,76699.99,76763.72,66.64676
2026-04-28,03:30:00,76763.72,76842.44,76753.6,76800.43,69.25675
2026-04-28,03:45:00,76800.42,76842.84,76786.81,76815.18,47.10297
2026-04-28,04:00:00,76815.18,76877.1,76777.73,76877.1,47.29021
2026-04-28,04:15:00,76877.09,76930.33,76701.35,76797.41,101.98591
2026-04-28,04:30:00,76797.4,76878.0,76749.96,76829.76,81.17565
2026-04-28,04:45:00,76829.76,76950.0,76829.75,76888.08,44.41197
2026-04-28,05:00:00,76888.08,77058.61,76888.08,76963.82,154.8791
2026-04-28,05:15:00,76963.81,77154.0,76907.6,77063.45,168.24753
2026-04-28,05:30:00,77063.45,77072.51,76811.01,76865.14,114.9853
2026-04-28,05:45:00,76865.14,76972.33,76865.13,76885.98,72.68936
2026-04-28,06:00:00,76885.97,77027.91,76885.97,76999.62,90.77183
2026-04-28,06:15:00,76999.62,77006.32,76836.85,76905.63,82.391
2026-04-28,06:30:00,76905.64,76941.02,76593.0,76602.16,138.72921
2026-04-28,06:45:00,76602.17,76763.71,76588.0,76720.0,153.16437
2026-04-28,07:00:00,76720.01,76720.01,76557.64,76557.65,152.49502
2026-04-28,07:15:00,76557.65,76663.47,76424.9,76642.43,242.78473
2026-04-28,07:30:00,76642.43,76889.02,76617.7,76858.01,558.54325
2026-04-28,07:45:00,76858.0,76922.22,76757.76,76879.28,678.16751
2026-04-28,08:00:00,76879.28,76895.0,76786.48,76844.97,128.21672
2026-04-28,08:15:00,76844.96,76977.26,76842.81,76976.63,212.85553
2026-04-28,08:30:00,76976.64,77013.63,76802.45,76815.83,594.3593
2026-04-28,08:45:00,76815.83,76868.03,76741.12,76858.59,107.64407
2026-04-28,09:00:00,76858.59,76863.54,76790.01,76831.05,92.97792
2026-04-28,09:15:00,76831.05,76831.05,76717.67,76790.7,89.45184
2026-04-28,09:30:00,76790.7,76790.7,76637.63,76657.42,91.16005
2026-04-28,09:45:00,76657.42,76659.41,76495.91,76598.0,88.10258
2026-04-28,10:00:00,76597.99,76692.19,76514.76,76521.04,88.95992
2026-04-28,10:15:00,76521.04,76569.16,76484.7,76523.47,61.16357
2026-04-28,10:30:00,76523.48,76620.0,76523.47,76614.61,156.65367
2026-04-28,10:45:00,76614.61,76630.02,76564.86,76618.35,111.46847
2026-04-28,11:00:00,76618.35,76649.86,76440.86,76460.97,140.44023
2026-04-28,11:15:00,76460.96,76480.84,76283.82,76342.7,323.72098
2026-04-28,11:30:00,76342.7,76346.49,76145.0,76288.89,341.95819
2026-04-28,11:45:00,76288.9,76296.99,76130.1,76229.0,213.59902
2026-04-28,12:00:00,76228.99,76314.97,76186.45,76273.92,208.49269
2026-04-28,12:15:00,76273.92,76365.99,76168.84,76221.48,142.09376
2026-04-28,12:30:00,76221.48,76316.32,76180.0,76315.2,89.0738
2026-04-28,12:45:00,76315.21,76421.94,76295.47,76372.05,212.35291
2026-04-28,13:00:00,76372.04,76372.05,75924.98,76135.79,563.78327
2026-04-28,13:15:00,76135.78,76244.0,76028.0,76192.9,166.63262
2026-04-28,13:30:00,76192.9,76357.3,76061.97,76264.45,268.4881
2026-04-28,13:45:00,76264.44,76411.72,76033.6,76189.84,289.62101
2026-04-28,14:00:00,76189.85,76199.99,76018.0,76076.73,157.45401
2026-04-28,14:15:00,76076.74,76085.71,75769.4,75829.12,388.20638
2026-04-28,14:30:00,75829.12,75904.0,75666.6,75862.78,477.46197
2026-04-28,14:45:00,75862.78,75950.0,75691.06,75949.99,241.15344
2026-04-28,15:00:00,75950.0,76068.12,75836.88,75990.25,168.56961
2026-04-28,15:15:00,75990.24,76065.22,75945.0,76024.99,147.32559
2026-04-28,15:30:00,76024.99,76057.0,75882.21,75933.7,124.8037
2026-04-28,15:45:00,75933.7,76085.42,75916.35,76066.38,131.25929
2026-04-28,16:00:00,76066.37,76095.46,75958.15,76020.45,107.31323
2026-04-28,16:15:00,76020.46,76033.56,75947.74,75954.58,70.40866
2026-04-28,16:30:00,75954.59,76007.63,75881.28,75912.55,82.18937
2026-04-28,16:45:00,75912.55,76218.06,75889.0,76125.04,187.63408
2026-04-28,17:00:00,76125.04,76220.61,76000.0,76033.56,109.56998
2026-04-28,17:15:00,76033.56,76137.87,75959.05,76096.13,66.35033
2026-04-28,17:30:00,76096.13,76262.63,76096.12,76192.44,99.36939
2026-04-28,17:45:00,76192.44,76220.79,76117.99,76187.3,61.83179
2026-04-28,18:00:00,76187.3,76266.66,76137.86,76141.01,79.98071
2026-04-28,18:15:00,76141.01,76280.91,76141.01,76233.34,55.00286
2026-04-28,18:30:00,76233.34,76238.94,76168.69,76168.69,138.07017
2026-04-28,18:45:00,76168.69,76250.0,76152.41,76242.18,64.42981
2026-04-28,19:00:00,76242.17,76242.18,76086.0,76086.61,43.06826
2026-04-28,19:15:00,76086.61,76170.94,76066.35,76170.93,53.08756
2026-04-28,19:30:00,76170.93,76320.95,76136.27,76319.4,49.57957
2026-04-28,19:45:00,76319.4,76380.83,76273.91,76330.97,113.91877
2026-04-28,20:00:00,76330.97,76446.71,76323.71,76397.69,111.45478
2026-04-28,20:15:00,76397.69,76400.78,76338.4,76367.1,53.10292
2026-04-28,20:30:00,76367.09,76436.73,76360.05,76415.64,45.01573
2026-04-28,20:45:00,76415.65,76480.0,76415.64,76463.95,50.14235
2026-04-28,21:00:00,76463.95,76481.3,76350.84,76365.38,114.99728
2026-04-28,21:15:00,76365.62,76375.35,76288.31,76301.3,72.87704
2026-04-28,21:30:00,76301.31,76410.45,76301.3,76315.82,49.84403
2026-04-28,21:45:00,76315.82,76417.94,76267.61,76357.15,43.45522
2026-04-28,22:00:00,76357.15,76446.26,76332.0,76364.27,53.78282
2026-04-28,22:15:00,76364.27,76371.83,76318.71,76329.44,23.6264
2026-04-28,22:30:00,76329.44,76364.3,76292.19,76292.19,29.12269
2026-04-28,22:45:00,76292.2,76297.77,76218.0,76242.17,51.07795
2026-04-28,23:00:00,76242.17,76346.89,76197.02,76346.89,67.48057
2026-04-28,23:15:00,76346.88,76363.21,76266.94,76285.52,25.9302
2026-04-28,23:30:00,76285.53,76305.16,76249.31,76300.72,31.66604
2026-04-28,23:45:00,76300.72,76370.0,76300.72,76342.77,54.86304
2026-04-29,00:00:00,76342.78,76385.28,76303.13,76332.4,226.43021
2026-04-29,00:15:00,76332.4,76346.33,76276.0,76319.24,55.19246
2026-04-29,00:30:00,76319.25,76419.15,76288.98,76400.46,79.36765
2026-04-29,00:45:00,76400.46,76557.97,76391.15,76512.0,275.89485
2026-04-29,01:00:00,76511.99,76545.14,76316.65,76359.67,120.63012
2026-04-29,01:15:00,76359.67,76399.58,76221.49,76236.14,66.21767
2026-04-29,01:30:00,76236.15,76410.47,76187.75,76410.47,60.57501
2026-04-29,01:45:00,76410.46,76668.02,76395.74,76571.0,124.06538
2026-04-29,02:00:00,76571.0,76666.82,76513.07,76548.32,107.41165
2026-04-29,02:15:00,76548.31,76565.76,76460.96,76460.97,62.43749
2026-04-29,02:30:00,76460.97,76468.62,76402.72,76435.21,76.88152
2026-04-29,02:45:00,76435.21,76531.43,76434.29,76531.29,68.56596
2026-04-29,03:00:00,76531.29,76622.78,76519.94,76622.78,65.14094
2026-04-29,03:15:00,76622.77,76899.83,76622.77,76882.0,195.64014
2026-04-29,03:30:00,76881.99,77127.62,76802.44,77079.11,216.31019
2026-04-29,03:45:00,77079.12,77082.24,76933.66,76994.78,91.168
2026-04-29,04:00:00,76994.77,77008.68,76880.0,76926.06,122.57586
2026-04-29,04:15:00,76926.06,77057.11,76926.06,77041.81,69.95435
2026-04-29,04:30:00,77041.81,77455.71,77020.73,77318.1,330.64427
2026-04-29,04:45:00,77318.09,77368.77,77250.48,77269.76,132.06949
2026-04-29,05:00:00,77269.76,77301.82,77200.0,77224.34,90.30213
2026-04-29,05:15:00,77224.35,77272.45,77198.07,77272.45,84.27372
2026-04-29,05:30:00,77272.45,77301.0,77221.02,77248.12,88.14042
2026-04-29,05:45:00,77248.12,77329.31,77248.11,77288.38,150.24022
2026-04-29,06:00:00,77288.39,77337.57,77192.07,77218.53,132.48861
2026-04-29,06:15:00,77218.52,77227.0,77083.38,77083.39,152.1019
2026-04-29,06:30:00,77083.39,77117.16,77011.2,77011.22,105.17644
2026-04-29,06:45:00,77011.22,77260.22,76907.07,77031.06,584.62238
2026-04-29,07:00:00,77031.07,77107.87,77031.06,77092.66,407.71685
2026-04-29,07:15:00,77092.66,77108.29,77050.29,77064.19,136.88747
2026-04-29,07:30:00,77064.19,77182.91,77064.19,77127.55,90.10959
2026-04-29,07:45:00,77127.54,77127.55,77031.06,77053.64,297.2714
2026-04-29,08:00:00,77053.65,77087.15,76984.88,77030.54,100.04405
2026-04-29,08:15:00,77030.55,77148.79,77020.78,77106.01,105.4096
2026-04-29,08:30:00,77106.01,77106.01,76972.32,77064.9,257.01576
2026-04-29,08:45:00,77064.89,77074.62,77025.93,77046.32,76.6278
2026-04-29,09:00:00,77046.31,77072.96,76972.32,77072.95,83.12565
2026-04-29,09:15:00,77072.95,77142.0,77057.41,77127.74,79.55591
2026-04-29,09:30:00,77127.74,77285.0,77127.73,77258.0,121.26093
2026-04-29,09:45:00,77258.0,77800.0,77242.53,77642.0,551.59822
2026-04-29,10:00:00,77642.0,77817.57,77642.0,77720.85,215.1021
2026-04-29,10:15:00,77720.85,77899.86,77710.0,77885.28,223.44435
2026-04-29,10:30:00,77885.28,77904.93,77563.8,77563.81,241.96828
2026-04-29,10:45:00,77563.81,77666.35,77559.19,77619.61,110.30149
2026-04-29,11:00:00,77619.62,77673.2,77506.88,77579.69,131.32526
2026-04-29,11:15:00,77579.7,77607.4,77485.81,77515.0,109.29226
2026-04-29,11:30:00,77515.0,77670.73,77508.07,77571.53,123.57881
2026-04-29,11:45:00,77571.53,77694.61,77546.0,77590.03,167.55507
2026-04-29,12:00:00,77590.04,77596.39,76850.0,77310.12,664.16642
2026-04-29,12:15:00,77310.12,77415.98,76908.47,77145.78,680.3712
2026-04-29,12:30:00,77145.78,77175.64,76992.5,77162.2,154.12744
2026-04-29,12:45:00,77162.19,77208.72,77125.92,77143.68,277.68643
2026-04-29,13:00:00,77143.68,77205.72,77072.39,77178.95,113.39973
2026-04-29,13:15:00,77178.96,77240.0,76859.09,76924.1,189.59801
2026-04-29,13:30:00,76924.11,76924.11,76563.0,76563.0,415.51029
2026-04-29,13:45:00,76563.01,76877.15,76425.62,76783.43,282.18687
2026-04-29,14:00:00,76783.42,76783.43,76543.51,76588.85,158.5249
2026-04-29,14:15:00,76588.5,76767.71,76503.2,76717.99,211.21241
2026-04-29,14:30:00,76717.99,76927.69,76584.42,76602.26,796.00126
2026-04-29,14:45:00,76602.27,76668.45,76489.99,76570.0,187.98214
2026-04-29,15:00:00,76570.0,76634.61,76150.0,76255.0,342.77333
2026-04-29,15:15:00,76254.99,76364.88,76194.4,76230.53,180.83526
2026-04-29,15:30:00,76230.53,76335.12,75971.07,75975.0,299.47884
2026-04-29,15:45:00,75975.01,76041.8,75705.32,75924.25,309.66991
2026-04-29,16:00:00,75924.24,76125.47,75847.71,76031.77,235.95717
2026-04-29,16:15:00,76031.77,76116.47,75696.13,75837.01,477.42594
2026-04-29,16:30:00,75837.0,75911.04,75720.96,75887.34,160.54413
2026-04-29,16:45:00,75887.33,75908.0,75707.69,75803.54,147.17355
2026-04-29,17:00:00,75803.55,76015.27,75803.55,75936.36,145.6829
2026-04-29,17:15:00,75936.36,76112.98,75811.24,75891.4,185.88013
2026-04-29,17:30:00,75891.4,76018.34,75881.59,76018.33,92.68679
2026-04-29,17:45:00,76018.33,76184.01,75940.12,76184.01,125.68452
2026-04-29,18:00:00,76184.0,76274.8,74937.52,75192.52,1111.63357
2026-04-29,18:15:00,75192.51,75385.24,75084.0,75150.37,331.15934
2026-04-29,18:30:00,75150.37,75361.68,74958.66,75242.43,299.73047
2026-04-29,18:45:00,75242.42,75517.33,75225.0,75513.91,184.35971
2026-04-29,19:00:00,75513.92,75570.18,75374.49,75568.41,155.5327
2026-04-29,19:15:00,75567.04,75591.83,75454.76,75531.29,104.8563
2026-04-29,19:30:00,75531.29,75531.3,75302.31,75438.56,128.09275
2026-04-29,19:45:00,75438.55,75565.69,75432.49,75563.86,76.09365
2026-04-29,20:00:00,75563.87,75716.54,75497.43,75528.81,264.87864
2026-04-29,20:15:00,75528.82,75688.09,75524.41,75679.7,116.65316
2026-04-29,20:30:00,75679.7,75857.32,75586.0,75773.61,131.1932
2026-04-29,20:45:00,75773.61,75856.08,75666.79,75676.79,62.58673
2026-04-29,21:00:00,75676.79,75850.0,75607.7,75794.67,100.47597
2026-04-29,21:15:00,75794.67,75898.67,75794.67,75822.88,56.88715
2026-04-29,21:30:00,75822.88,75973.5,75801.67,75942.49,101.48915
2026-04-29,21:45:00,75942.49,76088.9,75932.76,75933.93,104.2125
2026-04-29,22:00:00,75933.94,75969.42,75850.0,75965.73,80.64301
2026-04-29,22:15:00,75965.73,76004.14,75818.14,75839.75,83.10733
2026-04-29,22:30:00,75839.74,75975.38,75839.74,75962.86,52.38656
2026-04-29,22:45:00,75962.85,75970.65,75891.28,75927.38,56.19707
2026-04-29,23:00:00,75927.38,75990.06,75864.95,75987.62,44.28591
2026-04-29,23:15:00,75987.62,75989.29,75692.33,75771.21,110.87803
2026-04-29,23:30:00,75771.2,75864.91,75771.2,75861.06,72.01913
2026-04-29,23:45:00,75861.07,75880.71,75774.6,75780.0,52.30874
2026-04-30,00:00:00,75780.0,75867.49,75715.44,75719.89,139.7804
2026-04-30,00:15:00,75719.9,75817.99,75656.03,75817.99,72.60295
2026-04-30,00:30:00,75818.0,76172.34,75818.0,76091.35,166.97848
2026-04-30,00:45:00,76091.35,76344.61,76091.35,76248.74,183.35278
2026-04-30,01:00:00,76248.76,76360.56,76180.5,76234.02,80.31567
2026-04-30,01:15:00,76234.01,76408.83,76178.73,76349.59,66.76437
2026-04-30,01:30:00,76349.58,76412.41,76239.76,76346.0,59.55904
2026-04-30,01:45:00,76346.0,76473.26,76218.94,76232.8,124.89745
2026-04-30,02:00:00,76232.81,76351.04,76232.8,76316.7,65.75213
2026-04-30,02:15:00,76316.7,76343.54,76107.82,76122.64,72.41361
2026-04-30,02:30:00,76122.64,76122.64,75494.7,75614.11,298.0122
2026-04-30,02:45:00,75614.11,75760.88,75560.29,75704.74,100.88971
2026-04-30,03:00:00,75704.74,75865.12,75659.85,75828.64,50.19218
2026-04-30,03:15:00,75828.65,75897.39,75770.67,75893.97,47.77204
2026-04-30,03:30:00,75893.97,75987.84,75845.7,75949.04,46.14804
2026-04-30,03:45:00,75949.03,75994.26,75900.83,75928.1,38.01421
2026-04-30,04:00:00,75928.09,75963.92,75707.52,75792.03,116.13835
2026-04-30,04:15:00,75792.04,75801.1,75670.02,75683.43,47.88477
2026-04-30,04:30:00,75683.44,75687.21,75414.57,75426.62,150.80557
2026-04-30,04:45:00,75426.61,75534.65,75426.61,75497.0,112.14057
2026-04-30,05:00:00,75497.01,75627.33,75480.0,75611.77,91.33829
2026-04-30,05:15:00,75611.78,75626.08,75323.65,75429.05,97.95526
2026-04-30,05:30:00,75429.06,75750.0,75422.72,75707.4,232.95455
2026-04-30,05:45:00,75707.4,75743.5,75595.99,75600.09,69.46105
2026-04-30,06:00:00,75600.09,75682.19,75569.99,75594.9,127.6049
2026-04-30,06:15:00,75594.89,75696.32,75594.89,75676.0,45.03527
2026-04-30,06:30:00,75676.0,75867.9,75676.0,75744.04,140.61333
2026-04-30,06:45:00,75744.03,75786.34,75709.99,75753.53,58.89722
2026-04-30,07:00:00,75753.54,75849.69,75718.5,75806.02,82.31333
2026-04-30,07:15:00,75806.01,75893.58,75782.56,75884.53,61.82489
2026-04-30,07:30:00,75884.54,76082.97,75884.53,76075.28,209.12608
2026-04-30,07:45:00,76075.29,76179.91,76068.23,76161.67,163.48753
2026-04-30,08:00:00,76161.67,76208.92,76076.06,76092.07,81.00347
2026-04-30,08:15:00,76092.07,76163.25,76019.57,76075.92,120.42175
2026-04-30,08:30:00,76075.92,76144.16,76050.0,76135.0,61.82443
2026-04-30,08:45:00,76135.0,76146.75,76058.16,76058.17,87.69606
2026-04-30,09:00:00,76058.17,76097.85,76019.57,76077.09,133.75995
2026-04-30,09:15:00,76077.09,76220.2,76012.6,76216.77,113.59306
2026-04-30,09:30:00,76216.77,76339.38,76079.81,76079.81,122.93379
2026-04-30,09:45:00,76079.82,76196.31,76075.69,76097.19,74.72377
2026-04-30,10:00:00,76097.19,76163.52,76036.79,76036.8,63.52607
2026-04-30,10:15:00,76036.8,76069.11,75974.93,75974.94,85.96033
2026-04-30,10:30:00,75974.94,76119.19,75974.94,76043.02,139.7879
2026-04-30,10:45:00,76043.02,76069.11,75999.9,76028.66,75.91289
2026-04-30,11:00:00,76028.66,76244.36,76028.66,76150.47,148.99381
2026-04-30,11:15:00,76150.48,76191.45,76093.11,76109.21,72.67019
2026-04-30,11:30:00,76109.21,76140.33,75910.44,75929.48,166.40838
2026-04-30,11:45:00,75929.48,76085.62,75876.29,76059.43,162.81429
2026-04-30,12:00:00,76059.42,76169.55,76042.75,76146.61,89.19657
2026-04-30,12:15:00,76146.61,76500.0,76141.11,76344.23,804.45278
2026-04-30,12:30:00,76344.23,76511.22,76255.01,76255.01,510.52755
2026-04-30,12:45:00,76255.01,76420.0,76254.0,76308.48,116.40304
2026-04-30,13:00:00,76308.48,76367.65,76270.94,76315.8,126.29483
2026-04-30,13:15:00,76315.8,76347.63,76159.45,76186.63,96.3575
2026-04-30,13:30:00,76186.63,76644.44,76116.2,76638.04,393.46769
2026-04-30,13:45:00,76638.04,76669.14,76412.0,76420.44,311.0462
2026-04-30,14:00:00,76420.45,76597.51,76278.04,76360.52,238.03962
2026-04-30,14:15:00,76360.52,76368.16,76093.81,76354.2,196.31896
2026-04-30,14:30:00,76354.2,76557.97,76216.89,76346.36,132.66563
2026-04-30,14:45:00,76346.0,76470.99,76272.19,76301.24,116.72891
2026-04-30,15:00:00,76301.25,76439.32,76163.16,76424.65,123.94692
2026-04-30,15:15:00,76424.66,76500.0,76370.4,76500.0,55.5906
2026-04-30,15:30:00,76500.0,76653.6,76378.0,76465.74,125.6661
2026-04-30,15:45:00,76465.74,76529.14,76331.34,76473.6,69.49676
2026-04-30,16:00:00,76473.6,76484.6,76362.59,76473.61,54.53985
2026-04-30,16:15:00,76473.6,76473.61,76300.0,76355.18,37.56295
2026-04-30,16:30:00,76355.19,76419.55,76325.14,76342.62,28.25056
2026-04-30,16:45:00,76342.62,76376.85,76228.27,76261.03,45.09705
2026-04-30,17:00:00,76261.04,76328.71,76214.46,76224.25,77.00839
2026-04-30,17:15:00,76224.26,76224.26,76111.0,76143.12,98.04445
2026-04-30,17:30:00,76143.12,76263.45,76143.12,76160.87,57.2247
2026-04-30,17:45:00,76160.86,76300.2,76160.86,76250.01,41.54525
2026-04-30,18:00:00,76250.0,76372.28,76246.0,76269.6,50.19296
2026-04-30,18:15:00,76269.6,76468.84,76268.65,76281.25,51.88228
2026-04-30,18:30:00,76281.26,76404.83,76204.4,76398.64,48.92583
2026-04-30,18:45:00,76398.64,76468.27,76350.0,76350.0,33.1546
2026-04-30,19:00:00,76350.0,76482.61,76308.33,76451.53,65.19024
2026-04-30,19:15:00,76451.53,76511.48,76425.96,76471.71,74.1331
2026-04-30,19:30:00,76471.7,76514.8,76418.46,76443.27,98.2852
2026-04-30,19:45:00,76443.27,76459.56,76377.14,76412.8,69.92922
2026-04-30,20:00:00,76412.8,76472.97,76358.18,76447.85,47.89706
2026-04-30,20:15:00,76447.86,76564.0,76318.31,76476.42,111.77384
2026-04-30,20:30:00,76476.42,76550.96,76452.29,76521.21,60.93151
2026-04-30,20:45:00,76521.21,76568.9,76492.45,76492.46,66.4648
2026-04-30,21:00:00,76492.45,76535.42,76452.42,76494.59,44.30122
2026-04-30,21:15:00,76494.58,76494.59,76323.04,76337.5,31.19845
2026-04-30,21:30:00,76337.5,76458.0,76337.5,76390.41,31.4519
2026-04-30,21:45:00,76390.41,76390.41,76240.78,76241.78,76.13012
2026-04-30,22:00:00,76241.77,76366.79,76240.78,76366.78,53.53078
2026-04-30,22:15:00,76366.79,76449.16,76366.19,76439.54,29.73243
2026-04-30,22:30:00,76439.53,76442.02,76275.1,76334.97,42.69496
2026-04-30,22:45:00,76334.97,76373.16,76206.02,76237.06,32.60718
2026-04-30,23:00:00,76237.07,76323.07,76217.96,76299.08,48.819
2026-04-30,23:15:00,76299.07,76334.72,76290.85,76334.71,31.78269
2026-04-30,23:30:00,76334.72,76375.99,76322.15,76334.37,49.56263
2026-04-30,23:45:00,76334.36,76380.2,76305.07,76346.57,52.71485
2026-05-01,00:00:00,76346.58,76514.0,76320.42,76469.81,186.86833
2026-05-01,00:15:00,76469.8,76578.0,76469.8,76531.81,56.4699
2026-05-01,00:30:00,76531.82,76560.0,76458.0,76528.37,203.33172
2026-05-01,00:45:00,76528.37,76591.0,76402.91,76458.05,56.21849
2026-05-01,01:00:00,76458.06,76589.34,76449.5,76564.0,66.5726
2026-05-01,01:15:00,76564.0,76630.0,76530.01,76536.81,107.55184
2026-05-01,01:30:00,76536.81,76640.64,76536.81,76618.08,202.52297
2026-05-01,01:45:00,76618.07,76776.21,76615.97,76686.13,110.19813
2026-05-01,02:00:00,76686.12,76744.6,76622.21,76674.82,91.84048
2026-05-01,02:15:00,76674.82,76729.7,76610.1,76628.9,40.57887
2026-05-01,02:30:00,76628.9,76639.95,76564.58,76596.02,28.28613
2026-05-01,02:45:00,76596.01,76615.01,76533.74,76592.54,43.7489
2026-05-01,03:00:00,76592.54,76700.84,76555.06,76698.98,40.52704
2026-05-01,03:15:00,76698.97,77453.74,76698.97,77198.27,735.92207
2026-05-01,03:30:00,77198.27,77285.79,77082.32,77158.4,222.15926
2026-05-01,03:45:00,77158.4,77208.0,77072.09,77131.08,57.59076
2026-05-01,04:00:00,77131.08,77176.0,77068.18,77116.28,84.28269
2026-05-01,04:15:00,77116.28,77206.38,76653.6,77012.35,743.47744
2026-05-01,04:30:00,77012.35,77083.98,76997.11,77081.86,60.04591
2026-05-01,04:45:00,77081.86,77104.22,77018.64,77042.44,107.95317
2026-05-01,05:00:00,77042.44,77184.96,77033.91,77140.27,76.65641
2026-05-01,05:15:00,77140.27,77141.26,77054.65,77079.96,40.24707
2026-05-01,05:30:00,77079.97,77137.6,77058.41,77125.0,119.18309
2026-05-01,05:45:00,77125.0,77176.67,77115.85,77165.98,47.66454
2026-05-01,06:00:00,77165.99,77176.67,77087.57,77145.49,43.46608
2026-05-01,06:15:00,77145.49,77179.53,77112.06,77150.04,44.08709
2026-05-01,06:30:00,77150.04,77170.0,76956.2,77066.0,208.37226
2026-05-01,06:45:00,77066.0,77112.54,76882.0,76993.48,143.22662
2026-05-01,07:00:00,76993.49,77094.0,76970.23,77038.9,56.40812
2026-05-01,07:15:00,77038.9,77106.5,76994.11,77004.14,201.89932
2026-05-01,07:30:00,77004.13,77049.82,76957.04,76996.88,209.153
2026-05-01,07:45:00,76996.87,77140.36,76996.74,77130.54,166.27206
2026-05-01,08:00:00,77130.54,77250.0,77048.0,77250.0,208.09032
2026-05-01,08:15:00,77249.99,77500.0,77227.75,77440.73,361.79558
2026-05-01,08:30:00,77440.74,77457.99,77361.82,77370.66,82.60631
2026-05-01,08:45:00,77370.67,77382.46,77358.15,77377.47,45.2434
2026-05-01,09:00:00,77377.48,77391.99,77289.18,77338.73,95.87223
2026-05-01,09:15:00,77338.74,77377.91,77299.34,77346.8,92.6073
2026-05-01,09:30:00,77346.81,77346.81,77275.23,77279.94,92.50511
2026-05-01,09:45:00,77279.94,77279.94,77200.15,77268.55,74.18095
2026-05-01,10:00:00,77268.56,77268.56,77146.48,77159.42,62.23021
2026-05-01,10:15:00,77159.41,77433.72,77159.41,77349.1,148.5105
2026-05-01,10:30:00,77349.11,77361.77,77251.0,77251.01,45.67436
2026-05-01,10:45:00,77251.0,77305.39,77251.0,77304.34,74.57737
2026-05-01,11:00:00,77303.8,77331.0,77263.66,77324.48,161.08413
2026-05-01,11:15:00,77324.48,77600.0,77307.5,77382.63,244.96082
2026-05-01,11:30:00,77382.64,77429.8,77344.78,77412.88,99.94059
2026-05-01,11:45:00,77412.88,77474.01,77344.78,77463.98,78.39406
2026-05-01,12:00:00,77463.98,77677.77,77408.73,77553.65,178.53466
2026-05-01,12:15:00,77553.64,77799.48,77550.72,77763.04,247.31757
2026-05-01,12:30:00,77763.04,78170.2,77760.53,77959.08,733.68866
2026-05-01,12:45:00,77959.08,78042.37,77896.0,77896.01,233.43565
2026-05-01,13:00:00,77896.01,78430.2,77896.0,78344.38,471.78275
2026-05-01,13:15:00,78344.37,78399.72,78260.35,78279.65,269.38706
2026-05-01,13:30:00,78279.65,78539.25,78137.36,78259.08,736.86765
2026-05-01,13:45:00,78259.07,78914.12,78190.0,78737.25,876.30253
2026-05-01,14:00:00,78737.26,78871.8,78599.0,78681.2,818.0992
2026-05-01,14:15:00,78681.2,78718.0,78145.82,78275.86,467.93467
2026-05-01,14:30:00,78275.87,78295.02,78051.86,78196.74,435.51299
2026-05-01,14:45:00,78196.74,78449.96,78146.32,78358.75,249.15466
2026-05-01,15:00:00,78358.74,78474.22,78176.06,78460.94,216.14577
2026-05-01,15:15:00,78460.95,78600.0,78422.55,78536.02,269.38503
2026-05-01,15:30:00,78536.01,78735.92,78528.05,78663.98,187.92403
2026-05-01,15:45:00,78663.97,78683.67,78177.1,78445.89,339.72263
2026-05-01,16:00:00,78445.88,78683.23,78390.33,78390.33,196.58019
2026-05-01,16:15:00,78390.33,78474.48,78173.15,78328.0,199.3046
2026-05-01,16:30:00,78328.01,78390.0,78173.15,78278.22,134.63579
2026-05-01,16:45:00,78278.21,78351.82,78167.53,78214.36,174.16608
2026-05-01,17:00:00,78214.36,78330.0,78131.02,78330.0,142.1507
2026-05-01,17:15:00,78330.0,78350.0,78185.82,78250.82,150.89754
2026-05-01,17:30:00,78250.83,78552.47,78183.72,78438.28,138.34726
2026-05-01,17:45:00,78438.28,78584.61,78420.66,78552.94,57.92388
2026-05-01,18:00:00,78552.93,78609.11,78466.4,78527.36,92.09331
2026-05-01,18:15:00,78527.36,78623.37,78480.0,78586.48,94.58036
2026-05-01,18:30:00,78586.49,78586.49,78413.23,78428.53,230.26507
2026-05-01,18:45:00,78428.54,78507.97,78375.53,78423.9,70.82613
2026-05-01,19:00:00,78423.91,78540.0,78416.96,78489.06,83.26778
2026-05-01,19:15:00,78489.07,78494.07,78350.0,78415.73,87.57114
2026-05-01,19:30:00,78415.14,78417.43,78313.16,78341.41,107.56388
2026-05-01,19:45:00,78341.42,78466.59,78336.0,78360.0,234.25203
2026-05-01,20:00:00,78360.01,78422.81,78291.33,78291.33,112.67654
2026-05-01,20:15:00,78291.33,78300.09,78100.07,78153.28,147.49472
2026-05-01,20:30:00,78153.27,78180.48,77945.28,77985.19,351.35434
2026-05-01,20:45:00,77985.2,78031.07,77752.0,77880.18,216.00199
2026-05-01,21:00:00,77880.18,77979.99,77857.97,77955.16,82.53259
2026-05-01,21:15:00,77955.16,78064.85,77932.75,78021.45,113.51743
2026-05-01,21:30:00,78021.46,78185.7,78021.45,78117.06,191.27547
2026-05-01,21:45:00,78117.06,78200.0,78117.06,78199.99,98.40275
2026-05-01,22:00:00,78200.0,78314.0,78200.0,78282.61,100.30778
2026-05-01,22:15:00,78282.6,78411.13,78280.54,78353.41,130.9405
2026-05-01,22:30:00,78353.41,78369.59,78228.0,78263.61,60.94334
2026-05-01,22:45:00,78263.6,78263.6,78144.7,78153.38,39.78624
2026-05-01,23:00:00,78153.37,78183.15,78100.0,78124.0,28.88149
2026-05-01,23:15:00,78124.01,78139.22,78043.28,78044.17,52.40145
2026-05-01,23:30:00,78044.16,78144.35,78044.16,78112.21,38.61129
2026-05-01,23:45:00,78112.2,78249.6,78112.2,78231.13,53.66025
2026-05-02,00:00:00,78231.13,78299.04,78200.09,78200.1,69.45861
2026-05-02,00:15:00,78200.09,78360.77,78166.48,78280.85,44.2983
2026-05-02,00:30:00,78280.86,78339.99,78250.89,78323.86,32.63112
2026-05-02,00:45:00,78323.86,78393.39,78290.0,78341.75,64.90571
2026-05-02,01:00:00,78341.75,78392.34,78294.19,78380.14,74.54629
2026-05-02,01:15:00,78380.14,78380.14,78304.0,78345.36,39.72282
2026-05-02,01:30:00,78345.36,78441.31,78322.18,78372.51,90.53495
2026-05-02,01:45:00,78372.51,78372.51,78300.0,78355.0,196.18446
2026-05-02,02:00:00,78355.0,78355.0,78281.43,78293.36,76.03164
2026-05-02,02:15:00,78293.37,78340.0,78260.95,78270.2,27.95782
2026-05-02,02:30:00,78270.2,78395.0,78266.5,78359.95,56.93766
2026-05-02,02:45:00,78359.95,78513.7,78353.92,78353.93,122.7631
2026-05-02,03:00:00,78353.93,78384.21,78250.0,78277.31,38.85823
2026-05-02,03:15:00,78277.31,78411.31,78237.25,78382.22,54.74955
2026-05-02,03:30:00,78382.22,78514.82,78368.0,78399.16,53.12598
2026-05-02,03:45:00,78399.16,78471.04,78368.0,78400.0,153.43015
2026-05-02,04:00:00,78399.99,78448.99,78262.39,78292.12,131.81886
2026-05-02,04:15:00,78292.12,78304.39,78260.76,78278.59,155.20815
2026-05-02,04:30:00,78278.6,78287.1,78175.37,78223.12,54.57568
2026-05-02,04:45:00,78223.12,78233.3,78123.53,78175.5,70.24792
2026-05-02,05:00:00,78175.5,78186.0,78061.54,78089.34,265.99723
2026-05-02,05:15:00,78089.34,78126.77,78040.0,78110.64,94.38226
2026-05-02,05:30:00,78110.65,78218.03,78110.64,78198.47,76.47069
2026-05-02,05:45:00,78198.47,78235.25,78173.99,78174.0,89.75276
2026-05-02,06:00:00,78174.0,78288.0,78169.99,78170.0,225.43139
2026-05-02,06:15:00,78170.0,78220.39,78148.24,78150.0,32.52697
2026-05-02,06:30:00,78150.0,78229.82,78150.0,78229.81,39.15808
2026-05-02,06:45:00,78229.81,78363.21,78229.81,78327.8,69.44806
2026-05-02,07:00:00,78327.8,78342.18,78303.11,78320.08,34.61536
2026-05-02,07:15:00,78320.08,78339.6,78308.24,78320.83,54.97792
2026-05-02,07:30:00,78320.84,78324.7,78218.04,78227.11,26.83268
2026-05-02,07:45:00,78227.11,78247.52,78207.2,78220.0,53.5947
2026-05-02,08:00:00,78220.0,78266.01,78165.3,78262.66,39.65362
2026-05-02,08:15:00,78262.66,78294.86,78237.76,78283.4,16.7349
2026-05-02,08:30:00,78283.4,78350.0,78283.4,78329.3,103.72882
2026-05-02,08:45:00,78329.3,78356.51,78290.02,78315.37,44.71303
2026-05-02,09:00:00,78315.36,78328.14,78294.16,78305.7,36.82691
2026-05-02,09:15:00,78305.69,78341.78,78305.69,78308.63,33.30294
2026-05-02,09:30:00,78308.64,78394.0,78220.0,78311.57,133.4621
2026-05-02,09:45:00,78311.58,78316.02,78285.79,78293.57,54.04882
2026-05-02,10:00:00,78293.57,78311.97,78280.31,78288.56,39.29239
2026-05-02,10:15:00,78288.55,78297.0,78228.37,78251.51,32.7517
2026-05-02,10:30:00,78251.52,78267.07,78225.22,78249.59,32.2447
2026-05-02,10:45:00,78249.6,78262.6,78231.31,78249.3,32.12936
2026-05-02,11:00:00,78249.31,78249.31,78169.0,78170.58,65.23223
2026-05-02,11:15:00,78170.58,78227.86,78170.57,78210.98,33.93374
2026-05-02,11:30:00,78210.99,78210.99,78129.4,78169.0,95.95195
2026-05-02,11:45:00,78169.01,78169.01,78094.43,78143.08,74.12509
2026-05-02,12:00:00,78143.09,78161.72,78108.41,78144.43,57.03043
2026-05-02,12:15:00,78144.43,78262.37,78144.42,78242.85,60.47433
2026-05-02,12:30:00,78242.86,78261.56,78191.08,78227.71,32.52616
2026-05-02,12:45:00,78227.71,78227.71,78184.98,78211.24,32.7459
2026-05-02,13:00:00,78211.24,78423.85,78211.24,78392.44,148.7989
2026-05-02,13:15:00,78392.43,78392.44,78306.79,78306.79,25.76227
2026-05-02,13:30:00,78306.8,78361.34,78304.92,78361.34,20.5113
2026-05-02,13:45:00,78361.33,78391.42,78322.33,78367.06,31.9324
2026-05-02,14:00:00,78367.06,78397.11,78309.84,78309.84,24.05956
2026-05-02,14:15:00,78309.84,78484.42,78309.84,78420.43,103.22848
2026-05-02,14:30:00,78420.43,78461.55,78385.0,78398.57,24.54463
2026-05-02,14:45:00,78398.58,78480.0,78398.57,78423.98,38.32664
2026-05-02,15:00:00,78423.98,78480.0,78423.98,78435.26,28.05639
2026-05-02,15:15:00,78435.26,78435.26,78365.96,78374.95,38.48789
2026-05-02,15:30:00,78374.95,78444.0,78374.94,78443.41,27.45386
2026-05-02,15:45:00,78443.41,78487.68,78417.47,78487.67,32.1424
2026-05-02,16:00:00,78487.67,78557.62,78462.1,78545.99,51.20537
2026-05-02,16:15:00,78546.0,78596.61,78505.62,78510.63,78.26442
2026-05-02,16:30:00,78510.62,78510.62,78430.07,78430.08,42.70053
2026-05-02,16:45:00,78430.07,78500.0,78430.07,78455.02,22.25482
2026-05-02,17:00:00,78455.02,78459.5,78418.91,78435.01,88.65941
2026-05-02,17:15:00,78435.01,78450.0,78415.47,78415.7,78.06352
2026-05-02,17:30:00,78415.7,78485.53,78415.7,78426.85,24.71265
2026-05-02,17:45:00,78426.85,78430.94,78368.24,78398.02,21.96285
2026-05-02,18:00:00,78398.03,78398.03,78310.54,78324.71,37.94749
2026-05-02,18:15:00,78324.71,78394.04,78310.84,78391.92,33.41592
2026-05-02,18:30:00,78391.92,78454.64,78391.91,78411.5,22.4386
2026-05-02,18:45:00,78411.5,78493.31,78411.49,78466.62,24.35768
2026-05-02,19:00:00,78466.63,78510.0,78447.97,78470.19,62.18496
2026-05-02,19:15:00,78470.19,78475.53,78440.11,78457.0,66.76079
2026-05-02,19:30:00,78457.0,78521.68,78450.55,78497.46,30.14252
2026-05-02,19:45:00,78497.46,78497.47,78457.0,78486.0,22.96639
2026-05-02,20:00:00,78486.23,78491.26,78434.14,78434.14,12.81892
2026-05-02,20:15:00,78434.14,78434.15,78421.41,78426.31,10.53791
2026-05-02,20:30:00,78426.31,78479.5,78426.31,78433.16,18.21831
2026-05-02,20:45:00,78433.15,78452.19,78418.32,78451.38,20.35372
2026-05-02,21:00:00,78451.37,78513.8,78450.55,78450.55,28.0722
2026-05-02,21:15:00,78450.56,78493.98,78439.51,78493.97,22.21048
2026-05-02,21:30:00,78493.97,79199.48,78493.97,78806.68,589.25816
2026-05-02,21:45:00,78806.67,78911.82,78719.77,78719.78,94.99753
2026-05-02,22:00:00,78719.78,78799.48,78664.66,78771.13,79.56949
2026-05-02,22:15:00,78771.13,78776.37,78610.46,78620.0,71.92304
2026-05-02,22:30:00,78619.99,78750.0,78619.99,78660.16,49.80775
2026-05-02,22:45:00,78660.16,78872.39,78660.15,78832.98,65.18984
2026-05-02,23:00:00,78832.98,78832.98,78689.2,78740.13,28.05863
2026-05-02,23:15:00,78740.14,78802.63,78722.06,78802.28,27.98778
2026-05-02,23:30:00,78802.29,78819.99,78689.2,78689.21,26.36629
2026-05-02,23:45:00,78689.2,78706.84,78631.9,78686.85,32.07951
2026-05-03,00:00:00,78686.84,78754.55,78557.61,78573.12,74.58424
2026-05-03,00:15:00,78573.11,78635.58,78501.0,78629.5,67.30348
2026-05-03,00:30:00,78629.5,78677.0,78620.63,78633.17,23.17733
2026-05-03,00:45:00,78633.17,78647.44,78490.61,78542.32,68.89911
2026-05-03,01:00:00,78542.33,78542.33,78257.61,78361.03,161.33856
2026-05-03,01:15:00,78361.03,78394.1,78214.88,78280.68,104.63954
2026-05-03,01:30:00,78280.68,78280.68,78152.25,78236.45,93.25328
2026-05-03,01:45:00,78236.45,78285.0,78227.2,78240.83,31.78263
2026-05-03,02:00:00,78240.84,78309.09,78120.0,78193.43,101.69448
2026-05-03,02:15:00,78193.44,78199.85,78108.75,78113.07,57.17213
2026-05-03,02:30:00,78113.06,78170.0,78113.06,78122.61,26.484
2026-05-03,02:45:00,78122.61,78199.06,78121.77,78171.85,37.07857
2026-05-03,03:00:00,78171.86,78189.35,78121.95,78134.7,85.81047
2026-05-03,03:15:00,78134.7,78149.08,78109.94,78109.94,43.64033
2026-05-03,03:30:00,78109.95,78208.0,78109.94,78132.52,39.82742
2026-05-03,03:45:00,78132.52,78217.59,78132.51,78203.08,31.07768
2026-05-03,04:00:00,78203.07,78206.84,78120.0,78147.03,17.9043
2026-05-03,04:15:00,78147.02,78236.45,78147.02,78222.95,25.60091
2026-05-03,04:30:00,78222.95,78236.45,78186.53,78186.53,16.29624
2026-05-03,04:45:00,78186.54,78194.0,78144.68,78163.19,29.91218
2026-05-03,05:00:00,78163.19,78260.15,78163.17,78239.87,38.65623
2026-05-03,05:15:00,78239.86,78260.75,78223.22,78226.16,13.49578
2026-05-03,05:30:00,78226.17,78230.0,78206.26,78206.26,34.62884
2026-05-03,05:45:00,78206.26,78254.82,78206.26,78249.42,11.312
2026-05-03,06:00:00,78249.41,78249.42,78144.9,78151.37,147.29565
2026-05-03,06:15:00,78150.85,78150.86,78084.08,78115.33,84.75168
2026-05-03,06:30:00,78115.33,78166.76,78115.33,78140.0,20.00946
2026-05-03,06:45:00,78139.99,78337.26,78139.99,78288.3,54.88554
2026-05-03,07:00:00,78288.3,78444.18,78288.29,78346.65,59.68983
2026-05-03,07:15:00,78346.65,78483.67,78343.51,78412.76,117.38292
2026-05-03,07:30:00,78412.76,78448.4,78378.86,78378.86,87.19153
2026-05-03,07:45:00,78378.87,78400.58,78361.33,78363.25,35.15658
2026-05-03,08:00:00,78363.24,78505.92,78363.24,78450.55,40.1007
2026-05-03,08:15:00,78450.56,78481.76,78411.15,78417.59,33.56897
2026-05-03,08:30:00,78417.58,78441.78,78388.3,78439.45,14.66156
2026-05-03,08:45:00,78439.45,78455.0,78387.86,78387.86,13.6857
2026-05-03,09:00:00,78387.87,78440.49,78354.53,78402.79,54.46033
2026-05-03,09:15:00,78402.79,78526.14,78402.78,78500.01,77.31808
2026-05-03,09:30:00,78500.0,78604.67,78454.0,78514.83,111.12432
2026-05-03,09:45:00,78514.83,78550.0,78486.73,78529.57,50.22937
2026-05-03,10:00:00,78529.57,78534.4,78428.81,78491.26,44.00443
2026-05-03,10:15:00,78491.26,78491.27,78430.59,78430.59,21.97061
2026-05-03,10:30:00,78430.6,78465.05,78430.59,78450.55,42.49663
2026-05-03,10:45:00,78450.55,78450.55,78406.97,78408.01,32.32314
2026-05-03,11:00:00,78408.01,78554.67,78380.0,78526.2,79.36225
2026-05-03,11:15:00,78526.21,78530.41,78501.2,78508.7,29.05393
2026-05-03,11:30:00,78508.71,78747.43,78508.7,78717.09,137.9189
2026-05-03,11:45:00,78717.1,78849.22,78656.0,78656.01,166.49622
2026-05-03,12:00:00,78656.01,78878.77,78656.0,78856.8,118.50669
2026-05-03,12:15:00,78856.79,78856.8,78747.76,78773.22,47.1305
2026-05-03,12:30:00,78773.22,78792.54,78687.5,78792.53,68.22006
2026-05-03,12:45:00,78792.53,78830.6,78721.16,78747.09,60.42462
2026-05-03,13:00:00,78747.09,78769.63,78715.43,78750.7,51.11979
2026-05-03,13:15:00,78750.7,78750.7,78592.13,78643.99,62.93693
2026-05-03,13:30:00,78644.0,78703.74,78586.99,78620.0,43.45404
2026-05-03,13:45:00,78619.99,78699.52,78614.28,78670.01,38.89265
2026-05-03,14:00:00,78670.01,78785.95,78664.29,78730.0,83.9129
2026-05-03,14:15:00,78729.99,78759.98,78608.7,78693.38,141.95705
2026-05-03,14:30:00,78693.38,78713.28,78671.04,78708.85,122.43507
2026-05-03,14:45:00,78708.85,78786.57,78660.0,78741.0,61.66113
2026-05-03,15:00:00,78741.0,78815.19,78716.8,78745.01,83.5661
2026-05-03,15:15:00,78745.01,78772.22,78720.06,78769.0,45.69291
2026-05-03,15:30:00,78768.99,78798.03,78672.49,78701.77,44.79735
2026-05-03,15:45:00,78701.77,78701.78,78633.4,78668.36,63.14851
2026-05-03,16:00:00,78668.36,78700.0,78619.09,78623.9,36.88323
2026-05-03,16:15:00,78623.9,78666.0,78600.0,78662.04,22.67149
2026-05-03,16:30:00,78662.03,78784.56,78662.03,78720.89,35.12601
2026-05-03,16:45:00,78720.9,78733.21,78645.49,78654.0,72.85829
2026-05-03,17:00:00,78654.01,78718.55,78558.65,78689.6,231.26509
2026-05-03,17:15:00,78689.61,78795.05,78689.6,78734.07,51.40433
2026-05-03,17:30:00,78734.06,78822.83,78730.63,78804.99,33.17154
2026-05-03,17:45:00,78804.99,78805.0,78722.28,78725.76,42.08454
2026-05-03,18:00:00,78725.76,78744.84,78672.47,78672.47,34.49941
2026-05-03,18:15:00,78672.47,78755.22,78631.61,78736.97,48.50296
2026-05-03,18:30:00,78736.98,78736.98,78680.39,78686.98,39.2981
2026-05-03,18:45:00,78686.98,78763.57,78686.6,78739.67,15.88927
2026-05-03,19:00:00,78739.68,78764.86,78694.0,78708.26,21.4751
2026-05-03,19:15:00,78708.25,78719.27,78676.67,78681.7,116.23158
2026-05-03,19:30:00,78681.71,78853.32,78679.9,78801.22,74.22733
2026-05-03,19:45:00,78801.22,78815.0,78760.31,78760.32,40.67543
2026-05-03,20:00:00,78760.32,78795.56,78732.04,78732.57,31.16543
2026-05-03,20:15:00,78732.57,78999.0,78732.56,78921.69,120.15465
2026-05-03,20:30:00,78921.68,79268.0,78902.24,79007.79,406.79632
2026-05-03,20:45:00,79007.79,79019.76,78836.71,78915.99,87.6815
2026-05-03,21:00:00,78915.99,79056.59,78855.0,79010.55,118.73935
2026-05-03,21:15:00,79010.55,79010.56,78917.42,78917.42,40.9898
2026-05-03,21:30:00,78917.42,78922.0,78661.75,78700.0,112.88415
2026-05-03,21:45:00,78700.0,78845.33,78650.0,78831.59,84.87287
2026-05-03,22:00:00,78831.6,79365.14,78831.6,79259.35,402.09739
2026-05-03,22:15:00,79259.35,79447.0,78965.16,79085.31,295.11529
2026-05-03,22:30:00,79085.31,79315.51,78991.63,79268.0,92.96799
2026-05-03,22:45:00,79268.0,79383.78,79157.37,79177.29,144.77812
2026-05-03,23:00:00,79177.29,79287.82,79047.89,79075.0,125.30064
2026-05-03,23:15:00,79075.0,79080.67,78623.0,78657.46,260.27701
2026-05-03,23:30:00,78657.46,78736.65,78593.81,78593.81,144.21217
2026-05-03,23:45:00,78593.81,78597.62,78484.42,78568.57,112.93216
2026-05-04,00:00:00,78568.58,78572.57,78423.43,78511.67,139.20474
2026-05-04,00:15:00,78511.67,78527.08,78288.88,78367.27,112.76911
2026-05-04,00:30:00,78367.27,78446.78,78332.42,78397.89,94.67224
2026-05-04,00:45:00,78397.89,78572.19,78397.89,78547.14,88.21398
2026-05-04,01:00:00,78547.15,78585.86,78412.49,78456.26,47.88823
2026-05-04,01:15:00,78456.26,78606.62,78419.17,78605.69,98.02533
2026-05-04,01:30:00,78605.69,79145.2,78597.83,78800.0,194.07807
2026-05-04,01:45:00,78800.0,79848.84,78799.27,79769.43,1026.4299
2026-05-04,02:00:00,79769.43,80100.0,79540.05,79932.69,1074.17282
2026-05-04,02:15:00,79932.69,79945.88,79618.0,79705.2,267.03307
2026-05-04,02:30:00,79705.2,80328.05,79705.19,80163.87,568.85153
2026-05-04,02:45:00,80163.87,80420.9,80023.49,80173.3,368.09212
2026-05-04,03:00:00,80173.3,80458.0,79972.0,80380.07,402.47352
2026-05-04,03:15:00,80380.07,80380.07,80054.14,80118.6,250.88153
2026-05-04,03:30:00,80118.61,80137.78,79926.9,79997.01,173.73964
2026-05-04,03:45:00,79997.02,80323.58,79969.58,80316.31,185.08749
2026-05-04,04:00:00,80316.3,80484.07,80316.3,80450.0,492.40118
2026-05-04,04:15:00,80450.0,80635.51,80246.39,80351.87,441.43422
2026-05-04,04:30:00,80351.87,80440.31,80302.83,80350.88,110.95606
2026-05-04,04:45:00,80350.88,80393.8,80233.04,80332.06,317.23688
2026-05-04,05:00:00,80332.06,80395.96,80117.84,80145.09,395.7536
2026-05-04,05:15:00,80145.09,80152.36,79956.25,80004.17,196.66455
2026-05-04,05:30:00,80004.18,80110.04,79960.69,80079.99,98.48351
2026-05-04,05:45:00,80079.99,80080.0,80000.0,80027.26,55.91152
2026-05-04,06:00:00,80027.26,80048.64,79917.61,79918.0,147.41117
2026-05-04,06:15:00,79918.01,79918.01,79500.0,79704.25,366.95124
2026-05-04,06:30:00,79704.25,79771.64,79641.34,79758.37,126.99495
2026-05-04,06:45:00,79758.37,79981.69,79758.36,79877.9,462.3817
2026-05-04,07:00:00,79877.91,79946.33,79818.13,79897.06,107.0955
2026-05-04,07:15:00,79897.06,79923.0,79819.34,79855.44,68.86867
2026-05-04,07:30:00,79855.43,79873.85,79684.31,79856.96,134.87838
2026-05-04,07:45:00,79856.95,79907.58,79672.0,79696.75,108.98923
2026-05-04,08:00:00,79696.75,79796.37,79602.32,79796.36,114.21068
2026-05-04,08:15:00,79796.37,79800.0,79632.8,79740.01,116.64
2026-05-04,08:30:00,79740.0,79787.47,79700.67,79716.88,135.51957
2026-05-04,08:45:00,79716.88,79767.6,79621.17,79708.3,68.99491
2026-05-04,09:00:00,79708.3,79797.08,79647.87,79733.25,78.05726
2026-05-04,09:15:00,79733.25,79823.25,79717.0,79725.42,144.61461
2026-05-04,09:30:00,79725.43,79887.83,79692.89,79857.55,156.62507
2026-05-04,09:45:00,79857.56,79930.0,79792.14,79838.48,94.10622
2026-05-04,10:00:00,79838.49,79880.0,78600.42,78754.85,1111.04115
2026-05-04,10:15:00,78754.85,78773.43,78202.0,78508.32,1917.02943
2026-05-04,10:30:00,78508.32,79033.09,78452.45,78916.91,1035.73635
2026-05-04,10:45:00,78916.91,79099.98,78841.73,78940.26,316.91735
2026-05-04,11:00:00,78940.27,79084.93,78897.92,79048.0,303.12761
2026-05-04,11:15:00,79048.0,79124.83,78921.45,78949.99,142.40695
2026-05-04,11:30:00,78949.99,78950.0,78708.87,78735.04,170.70348
2026-05-04,11:45:00,78735.04,78862.15,78735.03,78793.67,83.30742
2026-05-04,12:00:00,78793.67,78848.93,78718.55,78805.68,91.71324
2026-05-04,12:15:00,78805.68,79020.0,78750.68,78960.0,158.18547
2026-05-04,12:30:00,78960.0,79000.01,78851.14,78990.97,106.22414
2026-05-04,12:45:00,78990.98,79011.55,78850.63,78857.18,69.89403
2026-05-04,13:00:00,78857.18,78984.75,78581.74,78923.2,237.50304
2026-05-04,13:15:00,78923.21,79059.04,78901.0,78965.91,142.8209
2026-05-04,13:30:00,78965.91,79124.83,78850.0,78869.83,223.86483
2026-05-04,13:45:00,78869.82,78948.32,78734.68,78790.0,120.88127
2026-05-04,14:00:00,78790.01,78982.02,78500.0,78957.72,285.68637
2026-05-04,14:15:00,78957.72,79397.34,78947.01,79246.84,441.59932
2026-05-04,14:30:00,79246.84,79588.73,79232.28,79533.51,376.18114
2026-05-04,14:45:00,79533.51,80545.17,79533.5,80216.16,1204.95329
2026-05-04,15:00:00,80216.15,80367.93,79934.0,80102.62,694.606
2026-05-04,15:15:00,80102.61,80216.94,79320.28,79700.37,945.03066
2026-05-04,15:30:00,79700.37,79926.71,79475.35,79909.99,369.6577
2026-05-04,15:45:00,79909.99,80131.59,79567.49,80028.85,449.33869
2026-05-04,16:00:00,80028.85,80076.28,79660.16,79724.79,397.33338
2026-05-04,16:15:00,79724.79,80395.68,79619.33,80243.97,529.53436
2026-05-04,16:30:00,80243.96,80365.81,80151.3,80275.66,248.30678
2026-05-04,16:45:00,80275.66,80329.64,79959.58,80025.03,317.60965
2026-05-04,17:00:00,80025.03,80463.65,80021.5,80384.58,304.84413
2026-05-04,17:15:00,80384.57,80505.06,80367.99,80448.16,220.69999
2026-05-04,17:30:00,80448.17,80452.15,80261.94,80275.32,139.4395
2026-05-04,17:45:00,80275.32,80776.99,80265.84,80390.81,415.12887
2026-05-04,18:00:00,80390.8,80439.18,80263.6,80388.47,157.91011
2026-05-04,18:15:00,80388.46,80388.47,80154.0,80271.14,284.85932
2026-05-04,18:30:00,80271.15,80311.72,80159.09,80179.0,111.48788
2026-05-04,18:45:00,80178.99,80178.99,80035.32,80114.91,109.74182
2026-05-04,19:00:00,80114.91,80138.0,79950.0,80085.18,154.1844
2026-05-04,19:15:00,80085.19,80092.0,79900.0,79930.0,142.05771
2026-05-04,19:30:00,79930.0,80006.46,79900.0,79998.06,66.71713
2026-05-04,19:45:00,79998.05,80094.13,79970.0,80053.31,142.64
2026-05-04,20:00:00,80053.31,80123.18,79960.68,80123.17,91.89509
2026-05-04,20:15:00,80123.17,80154.12,79920.01,80027.23,134.90946
2026-05-04,20:30:00,80027.23,80039.31,79901.0,79917.14,108.77927
2026-05-04,20:45:00,79917.14,80010.0,79913.97,79936.7,123.93482
2026-05-04,21:00:00,79936.7,80150.76,79936.7,80115.99,92.33415
2026-05-04,21:15:00,80115.99,80287.9,80073.7,80201.24,80.70176
2026-05-04,21:30:00,80201.24,80290.0,80201.23,80244.06,82.00625
2026-05-04,21:45:00,80244.06,80383.15,80243.89,80259.17,88.26426
2026-05-04,22:00:00,80259.18,80388.74,80235.18,80359.64,76.98138
2026-05-04,22:15:00,80359.64,80397.19,80268.73,80268.73,78.31818
2026-05-04,22:30:00,80268.74,80268.74,80116.88,80116.88,62.80791
2026-05-04,22:45:00,80116.89,80200.0,80042.84,80067.23,54.24628
2026-05-04,23:00:00,80067.22,80067.22,79905.0,79930.08,89.04115
2026-05-04,23:15:00,79930.09,79975.83,79882.35,79975.83,146.68734
2026-05-04,23:30:00,79975.83,79975.83,79744.91,79772.8,208.80423
2026-05-04,23:45:00,79772.8,79872.0,79760.76,79861.01,149.55096
2026-05-05,00:00:00,79861.01,80010.0,79808.72,79953.36,254.34809
2026-05-05,00:15:00,79953.36,79963.13,79861.0,79861.01,37.17289
2026-05-05,00:30:00,79861.01,80142.22,79861.0,80076.28,62.90761
2026-05-05,00:45:00,80076.28,80183.33,80040.0,80170.66,71.30428
2026-05-05,01:00:00,80170.66,80259.75,80080.76,80199.62,128.39821
2026-05-05,01:15:00,80199.61,80286.08,80189.46,80273.0,161.83367
2026-05-05,01:30:00,80273.0,80335.68,80166.88,80246.01,185.83594
2026-05-05,01:45:00,80246.0,80385.06,80246.0,80352.0,53.9618
2026-05-05,02:00:00,80351.99,80517.21,80300.0,80456.36,149.57919
2026-05-05,02:15:00,80456.36,80530.71,80375.2,80458.55,89.89818
2026-05-05,02:30:00,80458.56,80812.06,80448.21,80809.05,263.93479
2026-05-05,02:45:00,80809.04,80900.0,80500.89,80554.68,265.03262
2026-05-05,03:00:00,80554.69,80720.35,80457.93,80678.15,95.69814
2026-05-05,03:15:00,80678.14,80858.68,80636.92,80796.22,97.11786
2026-05-05,03:30:00,80796.22,81083.98,80752.91,80910.54,385.24641
2026-05-05,03:45:00,80910.54,80950.0,80822.56,80893.08,99.87131
2026-05-05,04:00:00,80893.08,80982.59,80781.42,80808.24,194.12025
2026-05-05,04:15:00,80808.24,80919.72,80793.68,80793.69,87.18531
2026-05-05,04:30:00,80793.69,80846.22,80725.0,80769.3,117.83033
2026-05-05,04:45:00,80769.31,80951.48,80732.28,80902.44,129.80549
2026-05-05,05:00:00,80902.44,80984.38,80830.06,80868.69,216.23463
2026-05-05,05:15:00,80868.69,81188.0,80868.69,81061.53,290.50281
2026-05-05,05:30:00,81061.53,81323.52,81020.01,81040.42,322.25574
2026-05-05,05:45:00,81040.42,81065.62,80912.51,80970.0,182.39288
2026-05-05,06:00:00,80969.99,81016.42,80900.0,80958.93,120.41881
2026-05-05,06:15:00,80958.94,80972.06,80810.0,80824.93,110.25982
2026-05-05,06:30:00,80824.94,80889.41,80800.0,80811.51,86.33182
2026-05-05,06:45:00,80811.51,80976.0,80811.51,80976.0,72.82322
2026-05-05,07:00:00,80976.0,81026.7,80900.34,80995.36,94.16242
2026-05-05,07:15:00,80995.35,81095.0,80973.5,81050.01,99.02306
2026-05-05,07:30:00,81050.0,81136.59,80994.83,81011.05,477.76993
2026-05-05,07:45:00,81011.05,81029.57,80826.0,80855.59,373.47689
2026-05-05,08:00:00,80855.59,80895.5,80839.71,80859.32,137.15178
2026-05-05,08:15:00,80859.32,80879.24,80812.83,80842.63,68.59065
2026-05-05,08:30:00,80842.64,80869.25,80723.2,80741.27,162.56234
2026-05-05,08:45:00,80741.28,80833.99,80741.27,80815.24,106.15313
2026-05-05,09:00:00,80815.24,80815.24,80667.77,80667.77,180.10982
2026-05-05,09:15:00,80667.78,80688.61,80597.99,80657.73,348.51552
2026-05-05,09:30:00,80657.73,80701.48,80564.13,80589.59,210.31019
2026-05-05,09:45:00,80589.59,80610.0,80527.76,80586.02,126.41208
2026-05-05,10:00:00,80586.02,80707.98,80530.82,80677.56,136.5296
2026-05-05,10:15:00,80677.56,80749.05,80677.55,80732.38,128.19613
2026-05-05,10:30:00,80732.39,80831.87,80732.38,80822.42,127.89304
2026-05-05,10:45:00,80822.42,80829.24,80708.82,80823.61,128.48545
2026-05-05,11:00:00,80823.61,80978.99,80780.0,80942.73,162.86722
2026-05-05,11:15:00,80942.73,80967.52,80818.72,80949.23,166.46274
2026-05-05,11:30:00,80949.23,81095.48,80936.38,81039.01,146.92062
2026-05-05,11:45:00,81039.0,81055.79,80874.0,81014.05,147.41195
2026-05-05,12:00:00,81014.05,81134.06,80932.54,81105.01,114.99913
2026-05-05,12:15:00,81105.02,81245.73,81063.6,81222.9,139.39305
2026-05-05,12:30:00,81222.91,81307.68,81173.2,81307.68,166.2973
2026-05-05,12:45:00,81307.68,81329.61,81192.29,81279.41,187.13109
2026-05-05,13:00:00,81279.4,81666.0,81270.0,81622.0,586.2341
2026-05-05,13:15:00,81621.99,81712.32,81418.81,81460.27,353.78025
2026-05-05,13:30:00,81460.28,81538.44,81215.25,81414.1,412.66492
2026-05-05,13:45:00,81414.11,81671.5,81196.0,81330.0,418.73763
2026-05-05,14:00:00,81330.0,81434.46,81090.0,81104.08,307.17574
2026-05-05,14:15:00,81104.08,81456.0,80939.87,81409.03,507.20284
2026-05-05,14:30:00,81409.03,81500.0,81127.8,81244.87,255.76631
2026-05-05,14:45:00,81244.88,81392.0,81128.0,81336.59,212.76884
2026-05-05,15:00:00,81336.59,81664.97,81235.0,81564.86,270.90605
2026-05-05,15:15:00,81564.85,81670.0,81518.86,81609.99,256.30498
2026-05-05,15:30:00,81610.0,81670.0,81547.88,81625.0,150.16982
2026-05-05,15:45:00,81625.0,81689.2,81519.99,81525.19,221.65964
2026-05-05,16:00:00,81525.19,81615.33,81429.85,81449.23,135.44343
2026-05-05,16:15:00,81449.24,81552.31,81334.98,81419.99,78.47484
2026-05-05,16:30:00,81420.0,81420.0,81052.5,81075.79,350.00344
2026-05-05,16:45:00,81075.8,81293.77,81050.04,81285.75,143.53096
2026-05-05,17:00:00,81285.75,81372.01,81185.02,81331.99,80.54684
2026-05-05,17:15:00,81331.99,81458.26,81310.82,81418.14,84.56838
2026-05-05,17:30:00,81418.14,81418.14,81248.04,81304.22,60.94945
2026-05-05,17:45:00,81304.22,81356.67,81259.35,81270.6,54.74202
2026-05-05,18:00:00,81270.61,81599.0,81270.61,81562.07,168.28919
2026-05-05,18:15:00,81562.07,81575.26,81422.03,81459.38,98.15409
2026-05-05,18:30:00,81459.38,81537.44,81426.08,81517.24,73.0845
2026-05-05,18:45:00,81517.24,81560.0,81414.69,81515.0,88.03445
2026-05-05,19:00:00,81515.0,81515.0,81407.58,81467.29,43.81436
2026-05-05,19:15:00,81467.29,81580.0,81432.04,81538.09,67.21959
2026-05-05,19:30:00,81538.09,81666.66,81517.85,81654.17,146.69468
2026-05-05,19:45:00,81654.16,81680.0,81526.0,81606.35,106.90854
2026-05-05,20:00:00,81606.35,81770.0,81510.13,81700.01,332.81182
2026-05-05,20:15:00,81700.0,81700.0,81545.01,81554.07,113.81674
2026-05-05,20:30:00,81554.07,81738.22,81545.01,81658.01,167.13824
2026-05-05,20:45:00,81658.01,81668.0,81569.51,81646.38,110.90581
2026-05-05,21:00:00,81646.39,81791.48,81591.69,81591.7,282.10641
2026-05-05,21:15:00,81591.69,81651.64,81448.51,81474.85,152.30457
2026-05-05,21:30:00,81474.85,81474.85,81305.27,81362.45,117.26894
2026-05-05,21:45:00,81362.45,81511.33,81345.01,81407.11,66.90881
2026-05-05,22:00:00,81407.11,81600.0,81356.86,81382.14,76.94877
2026-05-05,22:15:00,81382.14,81520.0,81324.05,81438.84,71.27556
2026-05-05,22:30:00,81438.84,81438.84,80817.72,81021.72,491.45778
2026-05-05,22:45:00,81021.72,81357.28,80986.55,81111.27,282.20361
2026-05-05,23:00:00,81111.27,81222.03,81028.63,81213.22,120.69082
2026-05-05,23:15:00,81213.23,81213.23,80878.72,80883.57,130.26388
2026-05-05,23:30:00,80883.57,80968.32,80790.0,80926.79,142.64517
2026-05-05,23:45:00,80926.79,80978.86,80882.02,80905.52,85.47591
2026-05-06,00:00:00,80905.53,81251.84,80880.0,81156.91,325.69213
2026-05-06,00:15:00,81156.91,81262.28,80922.15,80922.16,201.79653
2026-05-06,00:30:00,80922.16,81045.99,80906.3,80906.31,75.33949
2026-05-06,00:45:00,80906.31,81070.0,80731.14,81030.01,273.371
2026-05-06,01:00:00,81030.0,81169.21,80996.0,81161.58,94.42236
2026-05-06,01:15:00,81161.58,81346.78,81161.57,81250.0,230.55407
2026-05-06,01:30:00,81250.01,81360.15,81240.0,81318.3,235.54564
2026-05-06,01:45:00,81318.29,81534.23,81316.66,81439.34,243.30367
2026-05-06,02:00:00,81439.34,81449.04,81252.71,81330.0,205.10297
2026-05-06,02:15:00,81330.0,81330.0,81138.0,81144.57,102.0338
2026-05-06,02:30:00,81144.58,81262.99,81047.01,81213.06,225.6717
2026-05-06,02:45:00,81213.06,81395.87,81205.61,81363.54,88.38644
2026-05-06,03:00:00,81363.54,81466.64,81358.17,81410.01,126.58978
2026-05-06,03:15:00,81410.0,81760.84,81367.71,81616.29,400.27786
2026-05-06,03:30:00,81616.28,81699.99,81526.67,81543.58,105.00579
2026-05-06,03:45:00,81543.58,81641.71,81494.63,81581.69,78.65021
2026-05-06,04:00:00,81581.7,81649.99,81530.98,81602.25,190.04643
2026-05-06,04:15:00,81602.25,81606.45,81428.57,81431.84,102.16698
2026-05-06,04:30:00,81431.84,81440.0,81343.45,81398.28,138.58446
2026-05-06,04:45:00,81398.29,81495.95,81270.0,81331.1,144.84343
2026-05-06,05:00:00,81331.1,81360.3,81247.47,81278.8,152.46933
2026-05-06,05:15:00,81278.8,81320.39,81230.01,81259.77,75.76101
2026-05-06,05:30:00,81259.77,81259.77,81060.0,81166.04,234.22196
2026-05-06,05:45:00,81166.04,81333.15,81166.03,81333.0,129.7342
2026-05-06,06:00:00,81333.0,81396.97,81222.6,81263.04,166.94238
2026-05-06,06:15:00,81263.04,81393.23,81211.34,81372.27,86.92038
2026-05-06,06:30:00,81372.27,81472.74,81342.26,81472.73,127.55723
2026-05-06,06:45:00,81472.74,81516.9,81454.01,81476.71,142.71541
2026-05-06,07:00:00,81476.71,81611.0,81458.34,81458.34,195.00343
2026-05-06,07:15:00,81458.35,81596.15,81453.45,81553.78,82.10299
2026-05-06,07:30:00,81553.78,81553.78,81400.0,81412.5,127.49867
2026-05-06,07:45:00,81412.5,81461.26,81307.81,81359.82,204.13824
2026-05-06,08:00:00,81359.82,81620.92,81328.68,81547.5,245.04536
2026-05-06,08:15:00,81547.51,81579.95,81500.0,81570.0,43.32067
2026-05-06,08:30:00,81570.0,81884.42,81569.0,81700.01,500.35331
2026-05-06,08:45:00,81700.01,81986.0,81621.49,81945.66,564.69482
2026-05-06,09:00:00,81945.66,81966.0,81761.84,81815.2,243.85578
2026-05-06,09:15:00,81815.21,81865.6,81682.7,81765.8,117.22255
2026-05-06,09:30:00,81765.8,82060.0,81760.0,82014.77,474.62934
2026-05-06,09:45:00,82014.78,82014.78,81767.72,81997.0,261.02583
2026-05-06,10:00:00,81997.0,82131.0,81953.25,82042.78,254.23584
2026-05-06,10:15:00,82042.79,82243.2,82004.95,82191.51,427.59229
2026-05-06,10:30:00,82191.51,82298.2,82162.51,82250.01,341.82434
2026-05-06,10:45:00,82250.0,82390.0,82137.77,82290.04,279.19844
2026-05-06,11:00:00,82290.03,82484.21,82261.6,82417.55,223.89542
2026-05-06,11:15:00,82417.55,82850.0,82412.15,82684.01,705.25634
2026-05-06,11:30:00,82684.0,82770.4,82500.0,82501.85,286.93256
2026-05-06,11:45:00,82501.85,82587.26,82482.72,82522.89,219.84897
2026-05-06,12:00:00,82522.88,82539.33,82200.0,82200.47,248.72796
2026-05-06,12:15:00,82200.47,82487.7,82184.21,82388.49,224.69574
2026-05-06,12:30:00,82388.48,82430.8,82296.58,82347.7,131.31111
2026-05-06,12:45:00,82347.71,82424.72,82164.61,82220.47,216.19329
2026-05-06,13:00:00,82220.47,82220.47,81840.0,82109.73,417.54789
2026-05-06,13:15:00,82109.72,82164.05,81880.0,81952.97,202.92623
2026-05-06,13:30:00,81952.98,82059.89,81762.78,81912.3,231.85114
2026-05-06,13:45:00,81912.29,81921.26,81600.0,81670.89,395.57643
2026-05-06,14:00:00,81670.9,81695.25,81136.0,81451.76,713.55876
2026-05-06,14:15:00,81451.77,81760.92,81313.71,81618.81,391.29909
2026-05-06,14:30:00,81618.81,81879.97,81606.14,81879.96,241.27797
2026-05-06,14:45:00,81879.96,81980.72,81493.6,81526.73,268.94126
2026-05-06,15:00:00,81526.74,81615.41,81316.28,81410.0,305.33531
2026-05-06,15:15:00,81409.99,81823.0,81409.99,81659.76,170.13895
2026-05-06,15:30:00,81659.75,81745.59,81480.04,81626.17,177.57121
2026-05-06,15:45:00,81626.17,81773.93,81626.17,81704.25,171.70786
2026-05-06,16:00:00,81704.25,81897.06,81585.23,81760.27,164.37851
2026-05-06,16:15:00,81760.26,81835.89,81510.79,81510.79,196.73094
2026-05-06,16:30:00,81510.79,81699.5,81431.16,81685.52,118.06587
2026-05-06,16:45:00,81685.52,81907.51,81577.89,81630.94,504.37953
2026-05-06,17:00:00,81630.94,81709.32,81539.37,81675.86,104.96543
2026-05-06,17:15:00,81675.86,81675.86,81405.0,81474.4,151.49153
2026-05-06,17:30:00,81474.4,81550.0,81461.18,81544.02,71.26599
2026-05-06,17:45:00,81544.01,81550.0,81394.0,81452.63,89.66942
2026-05-06,18:00:00,81452.63,81498.75,81271.06,81480.01,157.37848
2026-05-06,18:15:00,81480.01,81559.17,81459.85,81469.33,107.54805
2026-05-06,18:30:00,81469.33,81515.99,81296.0,81382.44,122.33076
2026-05-06,18:45:00,81382.45,81431.15,81293.69,81353.14,64.58858
2026-05-06,19:00:00,81353.15,81428.0,81214.88,81249.3,126.96271
2026-05-06,19:15:00,81249.3,81396.68,81200.0,81335.85,173.8367
2026-05-06,19:30:00,81335.85,81480.01,81263.66,81437.49,106.6643
2026-05-06,19:45:00,81437.5,81522.41,81410.78,81464.87,109.66066
2026-05-06,20:00:00,81464.86,81650.01,81464.86,81638.17,156.47899
2026-05-06,20:15:00,81638.18,81700.0,81560.0,81560.01,81.57587
2026-05-06,20:30:00,81560.0,81565.0,81302.35,81367.67,119.32727
2026-05-06,20:45:00,81367.67,81430.34,81314.0,81427.52,79.08663
2026-05-06,21:00:00,81427.52,81500.0,81294.64,81373.58,96.40533
2026-05-06,21:15:00,81373.58,81449.68,81373.57,81442.11,46.35574
2026-05-06,21:30:00,81442.12,81618.77,81433.63,81572.16,95.59445
2026-05-06,21:45:00,81572.17,81616.0,81522.1,81539.16,72.02912
2026-05-06,22:00:00,81539.16,81540.91,81354.03,81381.72,70.22859
2026-05-06,22:15:00,81381.72,81387.14,81240.0,81249.99,77.12788
2026-05-06,22:30:00,81250.0,81333.47,81249.99,81318.92,33.51691
2026-05-06,22:45:00,81318.92,81398.59,81263.66,81342.39,48.71545
2026-05-06,23:00:00,81342.39,81342.39,81000.0,81230.01,305.44098
2026-05-06,23:15:00,81230.0,81395.06,81225.0,81386.21,51.54594
2026-05-06,23:30:00,81386.21,81415.0,81322.53,81357.88,40.05584
2026-05-06,23:45:00,81357.88,81447.3,81333.48,81447.01,45.32948
2026-05-07,00:00:00,81447.01,81490.03,81366.49,81426.58,98.72977
2026-05-07,00:15:00,81426.58,81438.84,81227.27,81227.27,66.32416
2026-05-07,00:30:00,81227.28,81239.74,80987.0,81027.98,137.70432
2026-05-07,00:45:00,81027.98,81138.47,80980.0,81016.96,104.77133
2026-05-07,01:00:00,81016.96,81155.36,80830.23,81151.53,229.22088
2026-05-07,01:15:00,81151.53,81222.76,80976.0,81210.01,141.42089
2026-05-07,01:30:00,81210.0,81284.67,81130.69,81278.6,118.31329
2026-05-07,01:45:00,81278.6,81278.6,81130.92,81167.8,76.44065
2026-05-07,02:00:00,81167.79,81180.74,80915.71,80933.63,132.92012
2026-05-07,02:15:00,80933.64,80999.03,80883.54,80898.0,263.58623
2026-05-07,02:30:00,80898.0,81045.88,80892.04,80967.9,255.98985
2026-05-07,02:45:00,80967.9,81153.9,80964.55,81113.34,97.45595
2026-05-07,03:00:00,81113.35,81113.35,81020.07,81020.17,88.16757
2026-05-07,03:15:00,81020.18,81072.03,80866.13,80971.54,76.84107
2026-05-07,03:30:00,80971.55,81006.0,80910.0,80980.01,48.67155
2026-05-07,03:45:00,80980.01,81013.43,80834.61,80834.91,131.61547
2026-05-07,04:00:00,80834.92,80907.43,80725.09,80869.87,149.76129
2026-05-07,04:15:00,80869.87,80978.0,80852.33,80933.34,99.12051
2026-05-07,04:30:00,80933.34,80978.0,80860.47,80887.12,71.90195
2026-05-07,04:45:00,80887.12,80989.59,80887.11,80979.19,67.04372
2026-05-07,05:00:00,80979.19,81172.27,80974.06,81116.85,151.65351
2026-05-07,05:15:00,81116.85,81155.72,81057.99,81102.02,61.51763
2026-05-07,05:30:00,81102.03,81149.95,81037.61,81080.11,95.73681
2026-05-07,05:45:00,81080.1,81088.0,81003.42,81088.0,46.43839
2026-05-07,06:00:00,81088.0,81088.0,80874.41,80899.21,145.01128
2026-05-07,06:15:00,80899.21,81030.13,80899.2,81030.12,94.75712
2026-05-07,06:30:00,81030.12,81382.28,81030.12,81369.7,266.97836
2026-05-07,06:45:00,81369.7,81443.21,81298.49,81438.61,106.93899
2026-05-07,07:00:00,81438.62,81665.84,81390.3,81656.75,194.32459
2026-05-07,07:15:00,81656.75,81706.86,81558.0,81561.36,142.41599
2026-05-07,07:30:00,81561.36,81708.32,81545.54,81588.06,157.05021
2026-05-07,07:45:00,81588.05,81600.0,81469.33,81518.58,188.18934
2026-05-07,08:00:00,81518.57,81590.0,81448.17,81508.85,172.05871
2026-05-07,08:15:00,81508.85,81508.85,81314.37,81419.05,202.46748
2026-05-07,08:30:00,81419.04,81483.36,81243.33,81256.53,165.62724
2026-05-07,08:45:00,81256.53,81313.23,81194.74,81231.24,107.22863
2026-05-07,09:00:00,81231.25,81231.25,81117.48,81179.07,81.30317
2026-05-07,09:15:00,81179.07,81213.03,80993.37,81037.93,167.95459
2026-05-07,09:30:00,81037.93,81100.0,80852.33,80894.62,283.02639
2026-05-07,09:45:00,80894.63,80966.54,80882.33,80929.0,126.75804
2026-05-07,10:00:00,80929.0,80997.0,80815.26,80882.85,158.40325
2026-05-07,10:15:00,80882.85,80939.4,80572.4,80614.46,273.1642
2026-05-07,10:30:00,80614.46,80881.09,80614.45,80881.09,171.61954
2026-05-07,10:45:00,80881.09,80911.19,80820.44,80850.75,87.37654
2026-05-07,11:00:00,80850.76,81041.15,80837.48,80948.96,143.91523
2026-05-07,11:15:00,80948.96,80991.97,80866.79,80896.87,76.84837
2026-05-07,11:30:00,80896.88,81000.98,80896.87,80984.0,56.66583
2026-05-07,11:45:00,80984.0,80984.01,80786.5,80866.65,89.67972
2026-05-07,12:00:00,80866.65,81095.48,80846.87,81079.99,120.72496
2026-05-07,12:15:00,81080.0,81104.45,80973.49,81039.07,102.92795
